-- phpMyAdmin SQL Dump
-- version 5.0.1
-- https://www.phpmyadmin.net/
--
-- Host: 127.0.0.1
-- Generation Time: Apr 26, 2020 at 11:47 PM
-- Server version: 10.4.11-MariaDB
-- PHP Version: 7.4.3

SET SQL_MODE = "NO_AUTO_VALUE_ON_ZERO";
SET AUTOCOMMIT = 0;
START TRANSACTION;
SET time_zone = "+00:00";


/*!40101 SET @OLD_CHARACTER_SET_CLIENT=@@CHARACTER_SET_CLIENT */;
/*!40101 SET @OLD_CHARACTER_SET_RESULTS=@@CHARACTER_SET_RESULTS */;
/*!40101 SET @OLD_COLLATION_CONNECTION=@@COLLATION_CONNECTION */;
/*!40101 SET NAMES utf8mb4 */;

--
-- Database: `project`
--

-- --------------------------------------------------------

--
-- Table structure for table `action_mode`
--

CREATE TABLE `action_mode` (
  `ID` int(11) NOT NULL,
  `Description` varchar(50) NOT NULL
) ENGINE=InnoDB DEFAULT CHARSET=utf8mb4;

--
-- Dumping data for table `action_mode`
--

INSERT INTO `action_mode` (`ID`, `Description`) VALUES
(1, 'Photos'),
(2, 'Video'),
(3, 'Both');

-- --------------------------------------------------------

--
-- Table structure for table `activity`
--

CREATE TABLE `activity` (
  `Serial` int(11) NOT NULL,
  `ID_User` int(11) NOT NULL,
  `ID_Mode` int(11) NOT NULL,
  `Activity_Date` date NOT NULL,
  `Path_Data` longtext NOT NULL,
  `Note` longtext NOT NULL
) ENGINE=InnoDB DEFAULT CHARSET=utf8mb4;

-- --------------------------------------------------------

--
-- Table structure for table `booking`
--

CREATE TABLE `booking` (
  `ID` int(11) NOT NULL,
  `Date_Time` datetime NOT NULL,
  `ID_Unit` int(11) NOT NULL,
  `ID_Mode` int(11) NOT NULL,
  `ID_Status` int(11) NOT NULL,
  `Price` decimal(7,2) NOT NULL,
  `Rateing_Photographer` int(11) NOT NULL,
  `Rateing_client` int(11) NOT NULL,
  `ID_Client` int(11) NOT NULL,
  `ID_Photographer` int(11) NOT NULL,
  `ID_Subject` int(11) NOT NULL
) ENGINE=InnoDB DEFAULT CHARSET=utf8mb4;

--
-- Dumping data for table `booking`
--

INSERT INTO `booking` (`ID`, `Date_Time`, `ID_Unit`, `ID_Mode`, `ID_Status`, `Price`, `Rateing_Photographer`, `Rateing_client`, `ID_Client`, `ID_Photographer`, `ID_Subject`) VALUES
(1, '2020-04-25 12:10:30', 1, 2, 1, '0.00', 0, 0, 3, 2, 3);

-- --------------------------------------------------------

--
-- Table structure for table `booking_status`
--

CREATE TABLE `booking_status` (
  `ID` int(11) NOT NULL,
  `Description` varchar(50) NOT NULL
) ENGINE=InnoDB DEFAULT CHARSET=utf8mb4;

--
-- Dumping data for table `booking_status`
--

INSERT INTO `booking_status` (`ID`, `Description`) VALUES
(1, 'Initial reservation'),
(2, 'Client Confirmation'),
(3, 'Photogrpher Confirmation'),
(4, 'In Progress'),
(5, 'Client Receipt'),
(6, 'Client Finshing'),
(7, 'Photogrpher Finshing');

-- --------------------------------------------------------

--
-- Table structure for table `equpment`
--

CREATE TABLE `equpment` (
  `ID` int(11) NOT NULL,
  `Name` varchar(50) NOT NULL,
  `Description` varchar(50) DEFAULT NULL
) ENGINE=InnoDB DEFAULT CHARSET=utf8mb4;

--
-- Dumping data for table `equpment`
--

INSERT INTO `equpment` (`ID`, `Name`, `Description`) VALUES
(1, 'Canon', '5D'),
(2, 'Sony', 'A7 M ||'),
(3, 'Lighting', NULL),
(4, 'Stand', NULL);

-- --------------------------------------------------------

--
-- Table structure for table `equpment_photographer`
--

CREATE TABLE `equpment_photographer` (
  `ID_User` int(11) NOT NULL,
  `ID_Equpment` int(11) NOT NULL
) ENGINE=InnoDB DEFAULT CHARSET=utf8mb4;

--
-- Dumping data for table `equpment_photographer`
--

INSERT INTO `equpment_photographer` (`ID_User`, `ID_Equpment`) VALUES
(2, 1),
(5, 1),
(2, 2),
(5, 3),
(2, 4),
(5, 4);

-- --------------------------------------------------------

--
-- Table structure for table `price_list`
--

CREATE TABLE `price_list` (
  `ID_Photographer` int(11) NOT NULL,
  `ID_Subject` int(11) NOT NULL,
  `ID_Mode` int(11) NOT NULL,
  `ID_Unit` int(11) NOT NULL,
  `Price` int(11) NOT NULL
) ENGINE=InnoDB DEFAULT CHARSET=utf8mb4;

--
-- Dumping data for table `price_list`
--

INSERT INTO `price_list` (`ID_Photographer`, `ID_Subject`, `ID_Mode`, `ID_Unit`, `Price`) VALUES
(2, 1, 1, 1, 150),
(2, 1, 1, 2, 30),
(5, 4, 1, 2, 40),
(2, 1, 2, 1, 600),
(5, 3, 2, 1, 400),
(5, 1, 3, 1, 1500),
(5, 5, 3, 1, 800);

-- --------------------------------------------------------

--
-- Table structure for table `script`
--

CREATE TABLE `script` (
  `script_id` int(11) DEFAULT NULL,
  `txt` varchar(200) DEFAULT NULL
) ENGINE=InnoDB DEFAULT CHARSET=utf8mb4;

--
-- Dumping data for table `script`
--

INSERT INTO `script` (`script_id`, `txt`) VALUES
(121, '            ,Description  varchar(50)'),
(122, '          );'),
(123, 'Alter Table Booking_Status Add constraint PK_UserType Primary Key ()'),
(124, '--_______________________________________________________________________________________________________________________'),
(125, 'create table Equpment ('),
(126, '            ID  int'),
(127, '            ,Name  varchar(50)'),
(128, '            ,Description  varchar(50)'),
(129, '          );'),
(130, 'Alter Table Equpment Add constraint PK_Equpment Primary Key ()'),
(131, '--_______________________________________________________________________________________________________________________'),
(132, 'create table Subject ('),
(133, '            ID  int'),
(134, '            ,Type  varchar(50)'),
(135, '          );'),
(136, 'Alter Table Subject Add constraint PK_Subject Primary Key ()'),
(137, '--_______________________________________________________________________________________________________________________'),
(1, 'create table Unit ('),
(2, '            ID  int'),
(3, '            ,Description  varchar(50)'),
(4, '          );'),
(5, 'Alter Table Unit Add constraint PK_Unit Primary Key ()'),
(6, '--_______________________________________________________________________________________________________________________'),
(7, 'create table Action_Mode ('),
(8, '            ID  int'),
(9, '            ,Description  varchar(50)'),
(10, '          );'),
(11, 'Alter Table Action_Mode Add constraint PK_Mode Primary Key ()'),
(12, '--_______________________________________________________________________________________________________________________'),
(13, 'create table User_Type ('),
(14, '            ID  int'),
(15, '            ,Type  varchar(50)'),
(16, '          );'),
(17, 'Alter Table User_Type Add constraint PK_User_Type Primary Key ()'),
(18, '--_______________________________________________________________________________________________________________________'),
(19, 'create table User_Status ('),
(20, '            ID  int'),
(21, '            ,Description  varchar(50)'),
(22, '          );'),
(23, 'Alter Table User_Status Add constraint PK_Status_User Primary Key ()'),
(24, '--_______________________________________________________________________________________________________________________'),
(25, 'create table Activity ('),
(26, '            Serial  int'),
(27, '            ,ID_User  int'),
(28, '            ,ID_Mode  int'),
(29, '            ,Activity_Date  date'),
(30, '            ,Path_Data  text'),
(31, '            ,Note  text'),
(32, '          );'),
(33, 'Alter Table Activity Add constraint Activity_FK1 Foreign Key ()  REFERENCES User'),
(34, 'Alter Table Activity Add constraint Activity_FK2 Foreign Key ()  REFERENCES Action_Mode'),
(35, 'Alter Table Activity Add constraint Activity_UK1 Unique () '),
(36, 'Alter Table Activity Add constraint PK_Activity Primary Key ()'),
(37, '--_______________________________________________________________________________________________________________________'),
(38, 'create table Price_List ('),
(39, '            ID_Photographer  int'),
(40, '            ,ID_Subject  int'),
(41, '            ,ID_Mode  int'),
(42, '            ,ID_Unit  int'),
(43, '            ,Price  int'),
(44, '          );'),
(45, 'Alter Table Price_List Add constraint PK_Price_List Primary Key ()'),
(46, 'Alter Table Price_List Add constraint Price_List_FK1 Foreign Key ()  REFERENCES User'),
(47, 'Alter Table Price_List Add constraint Price_List_FK2 Foreign Key ()  REFERENCES Subject'),
(48, 'Alter Table Price_List Add constraint Price_List_FK3 Foreign Key ()  REFERENCES Action_Mode'),
(49, 'Alter Table Price_List Add constraint Price_List_FK4 Foreign Key ()  REFERENCES Unit'),
(50, '--_______________________________________________________________________________________________________________________'),
(51, 'create table sysdiagrams ('),
(52, '            name  sysname'),
(53, '            ,principal_id  int'),
(54, '            ,diagram_id  int'),
(55, '            ,version  int'),
(56, '            ,definition  varbinary'),
(57, '          );'),
(58, 'Alter Table sysdiagrams Add constraint PK__sysdiagr__C2B05B6124927208 Primary Key ()'),
(59, 'Alter Table sysdiagrams Add constraint UK_principal_name Unique () '),
(60, '--_______________________________________________________________________________________________________________________'),
(61, 'create table Booking ('),
(62, '            ID  int'),
(63, '            ,Date_Time  datetime'),
(64, '            ,ID_Unit  int'),
(65, '            ,ID_Mode  int'),
(66, '            ,ID_Status  int'),
(67, '            ,Price  decimal'),
(68, '            ,Rateing_Photographer  int'),
(69, '            ,Rateing_client  int'),
(70, '            ,ID_Client  int'),
(71, '            ,ID_Photographer  int'),
(72, '            ,ID_Subject  int'),
(73, '          );'),
(74, 'Alter Table Booking Add constraint Booking_FK1 Foreign Key ()  REFERENCES User'),
(75, 'Alter Table Booking Add constraint Booking_FK2 Foreign Key ()  REFERENCES User'),
(76, 'Alter Table Booking Add constraint Booking_FK3 Foreign Key ()  REFERENCES Booking_Status'),
(77, 'Alter Table Booking Add constraint Booking_FK4 Foreign Key ()  REFERENCES Unit'),
(78, 'Alter Table Booking Add constraint Booking_FK5 Foreign Key ()  REFERENCES Subject'),
(79, 'Alter Table Booking Add constraint Booking_FK6 Foreign Key ()  REFERENCES Action_Mode'),
(80, 'Alter Table Booking Add constraint Booking_PK Primary Key ()'),
(81, 'Alter Table Booking Add constraint Booking_UK1 Unique () '),
(82, 'Alter Table Booking Add constraint Booking_UK2 Unique () '),
(83, '--_______________________________________________________________________________________________________________________'),
(84, 'create table User ('),
(85, '            ID  int'),
(86, '            ,First_Name  varchar(50)'),
(87, '            ,Last_Name  varchar(50)'),
(88, '            ,Email  varchar(50)'),
(89, '            ,Phone  char'),
(90, '            ,Personal_Photo  text'),
(91, '            ,Gender  int'),
(92, '            ,Location  text'),
(93, '            ,Birth_Date  date'),
(94, '            ,Password  varchar(50)'),
(95, '            ,Nick_Name  varchar(50)'),
(96, '            ,ID_User_Type  int'),
(97, '            ,ID_User_Status  int'),
(98, '          );'),
(99, 'Alter Table User Add constraint User_FK1 Foreign Key ()  REFERENCES User_Status'),
(100, 'Alter Table User Add constraint User_FK2 Foreign Key ()  REFERENCES User_Type'),
(101, 'Alter Table User Add constraint User_PK Primary Key ()'),
(102, 'Alter Table User Add constraint User_UK1 Unique () '),
(103, 'Alter Table User Add constraint User_UK2 Unique () '),
(104, 'Alter Table User Add constraint User_UK3 Unique () '),
(105, '--_______________________________________________________________________________________________________________________'),
(106, 'create table Equpment_photographer ('),
(107, '            ID_User  int'),
(108, '            ,ID_Equpment  int'),
(109, '          );'),
(110, 'Alter Table Equpment_photographer Add constraint Equpment_photographer_FK1 Foreign Key ()  REFERENCES Equpment'),
(111, 'Alter Table Equpment_photographer Add constraint Equpment_photographer_FK2 Foreign Key ()  REFERENCES User'),
(112, 'Alter Table Equpment_photographer Add constraint PK_Equpment_photographer Primary Key ()'),
(113, '--_______________________________________________________________________________________________________________________'),
(114, 'create table script ('),
(115, '            script_id  int'),
(116, '            ,txt  varchar(200)'),
(117, '          );'),
(118, '--_______________________________________________________________________________________________________________________'),
(119, 'create table Booking_Status ('),
(120, '            ID  int');

-- --------------------------------------------------------

--
-- Table structure for table `subject`
--

CREATE TABLE `subject` (
  `ID` int(11) NOT NULL,
  `Type` varchar(50) NOT NULL
) ENGINE=InnoDB DEFAULT CHARSET=utf8mb4;

--
-- Dumping data for table `subject`
--

INSERT INTO `subject` (`ID`, `Type`) VALUES
(1, 'Wedding'),
(2, 'Gradution'),
(3, 'Birthday Party'),
(4, 'Session'),
(5, 'Food');

-- --------------------------------------------------------

--
-- Table structure for table `sysdiagrams`
--

CREATE TABLE `sysdiagrams` (
  `name` varchar(128) NOT NULL,
  `principal_id` int(11) NOT NULL,
  `diagram_id` int(11) NOT NULL,
  `version` int(11) DEFAULT NULL,
  `definition` longblob DEFAULT NULL
) ENGINE=InnoDB DEFAULT CHARSET=utf8mb4;

--
-- Dumping data for table `sysdiagrams`
--

INSERT INTO `sysdiagrams` (`name`, `principal_id`, `diagram_id`, `version`, `definition`) VALUES
('Diagram_1', 1, 2, 1, 0xd0cf11e0a1b11ae1000000000000000000000000000000003e000300feff0900060000000000000000000000010000000100000000000000001000000200000001000000feffffff0000000000000000fffffffffffffffffffffffffffffffffffffffffffffffffffffffffffffffffffffffffffffffffffffffffffffffffffffffffffffffffffffffffffffffffffffffffffffffffffffffffffffffffffffffffffffffffffffffffffffffffffffffffffffffffffffffffffffffffffffffffffffffffffffffffffffffffffffffffffffffffffffffffffffffffffffffffffffffffffffffffffffffffffffffffffffffffffffffffffffffffffffffffffffffffffffffffffffffffffffffffffffffffffffffffffffffffffffffffffffffffffffffffffffffffffffffffffffffffffffffffffffffffffffffffffffffffffffffffffffffffffffffffffffffffffffffffffffffffffffffffffffffffffffffffffffffffffffffffffffffffffffffffffffffffffffffffffffffffffffffffffffffffffffffffffffffffffffffffffffffffffffffffffffffffffffffffffffffffffffffffffffffffffffffffffffffffffffffffffffffffffffffffffffffffffffffffffffffffffffffffffffffffffffffffffffffffffffffffffffffffffffffffffffffffffffffffffffffffdffffff1f000000feffffff040000000500000006000000070000000800000009000000310000000b0000000c0000000d0000000e0000000f000000100000001100000012000000130000001400000015000000160000001700000018000000190000001a0000001b0000001c0000001d0000001e000000fefffffffeffffff2100000022000000230000002400000025000000260000002700000028000000290000002a0000002b0000002c0000002d0000002e0000002f00000030000000feffffff3200000033000000feffffffffffffffffffffffffffffffffffffffffffffffffffffffffffffffffffffffffffffffffffffffffffffffffffffffffffffffffffffffffffffffffffffffffffffffffffffffffffffffffffffffffffffffffffffffffffffffffffffffffffffffffffffffffffffffffffffffffffffffffffffffffffffffffffffffffffffffffffffffffffffffffffffffffffffffffffffffffffffffffffffffffffffffffffffffffffffffffffffffffffffffffffffffffffffffffffffffffffffffffffffffffffffffffffffffffffffffffffffffffffffffffffffffffffffffffffffffffffffffffffffffffffffffffffffffffffffffffffffffffffffffffffffffffffffffffffffffffffffffffffffffffffffffffffffffffffffffffffffffffffffffffffffff52006f006f007400200045006e00740072007900000000000000000000000000000000000000000000000000000000000000000000000000000000000000000016000500ffffffffffffffff0200000000000000000000000000000000000000000000000000000000000000b06f1307b7ffd5010300000080120000000000006600000000000000000000000000000000000000000000000000000000000000000000000000000000000000000000000000000000000000000000000000000004000201ffffffffffffffffffffffff00000000000000000000000000000000000000000000000000000000000000000000000000000000fa0c0000000000006f000000000000000000000000000000000000000000000000000000000000000000000000000000000000000000000000000000000000000000000000000000040002010100000004000000ffffffff0000000000000000000000000000000000000000000000000000000000000000000000000a000000be29000000000000010043006f006d0070004f0062006a0000000000000000000000000000000000000000000000000000000000000000000000000000000000000000000000000012000201ffffffffffffffffffffffff000000000000000000000000000000000000000000000000000000000000000000000000340000005f000000000000000100000002000000030000000400000005000000060000000700000008000000090000000a0000000b0000000c0000000d0000000e0000000f000000100000001100000012000000130000001400000015000000160000001700000018000000190000001a0000001b0000001c0000001d0000001e0000001f000000200000002100000022000000230000002400000025000000260000002700000028000000290000002a0000002b0000002c0000002d0000002e0000002f00000030000000310000003200000033000000feffffff35000000fefffffffeffffff38000000390000003a0000003b0000003c0000003d0000003e0000003f000000400000004100000042000000430000004400000045000000460000004700000048000000fefffffffeffffffffffffffffffffffffffffffffffffffffffffffffffffffffffffffffffffffffffffffffffffffffffffffffffffffffffffffffffffffffffffffffffffffffffffffffffffffffffffffffffffffffffffffffffffffffffffffffffffffffffffffffffffffffffffffffffffffffffffffffffffffffffffffffffffffffffffffffffffffffffffffffffffffffffffffffffffffffffffffffffffffffffffffffffffffffffffffffffffffffffffffffffffffffffffffffffffffffffffffffffffffffffffffffffffffffffffffffffffff000434000a1e500c05000080410000000f00ffff3200000041000000007d00001e600000b43a00009cdf000057a60000e6e8feff2e94ffffde805b10f195d011b0a000aa00bdcb5c0000080030000000000200000300000038002b00000009000000d9e6b0e91c81d011ad5100a0c90f5739f43b7f847f61c74385352986e1d552f8a0327db2d86295428d98273c25a2da2d00002c00432000000000000000000000bb285ec9d167d24d88c85d9b9628568f34c9d2777977d811907000065b840d9c00002c00432000000000000000000000d20580e5781a7c4bbd1c46282d670e5d34c9d2777977d811907000065b840d9c2c000000000c000000ac010000003000a5090000070000800d000000a202000000800000080000805363684772696400ae34ffff947bffff416374697669747900003000a5090000070000800e000000a0020000008000000700008053636847726964004480ffff3eb3ffff426f6f6b696e670000003000a5090000070000800f000000a2020000008000000800008053636847726964001e01ffff947bffff457175706d656e7400004000a50900000700008010000000bc02000000800000150000805363684772696400f2fffeffe89fffff457175706d656e745f70686f746f6772617068657201000000002c00a509000007000080110000009a02000000800000040000805363684772696479f295ffff2a7cffff4d6f646500003400a50900000700008012000000a6020000008000000a0000805363684772696400ac45ffffb497ffff50726963655f4c697374000000003000a50900000700008015000000a002000000800000070000805363684772696474fa51ffffeeb7ffff5375626a6563747400002c00a509000007000080160000009a020000008000000400008053636847726964000e3effff9ccdffff556e697400002c00a509000007000080170000009a020000008000000400008053636847726964741e01ffffeeb7ffff5573657200003400a50900000700008018000000a4020000008000000900008053636847726964007414ffff40edffff557365725f5479706574000000006400a5090000070000801a0000005a0000000180000039000080436f6e74726f6c742129ffffb592ffff52656c6174696f6e73686970202741637469766974795f464b3127206265747765656e2027557365722720616e64202741637469766974792720000000002800b5010000070000801b000000310000004b00000002800000436f6e74726f6c00672bffff08a1ffff00008000a5090000070000801c000000520000000180000057000080436f6e74726f6c007d09ffff2988ffff52656c6174696f6e736869702027457175706d656e745f70686f746f677261706865725f464b3127206265747765656e2027457175706d656e742720616e642027457175706d656e745f70686f746f67726170686572270000002800b5010000070000801d000000310000006500000002800000436f6e74726f6c002dfafeff0091ffff00007c00a5090000070000801e000000520000000180000053000080436f6e74726f6c007313ffff79acffff52656c6174696f6e736869702027457175706d656e745f70686f746f677261706865725f464b3227206265747765656e2027557365722720616e642027457175706d656e745f70686f746f67726170686572270000002800b5010000070000801f000000310000006500000002800000436f6e74726f6c00b915ffffe5b2ffff00006400a50900000700008020000000520000000180000039000080436f6e74726f6c001e65ffff6f80ffff52656c6174696f6e73686970202741637469766974795f464b3227206265747765656e20274d6f64652720616e64202741637469766974792700000000002800b50100000700008021000000310000004b00000002800000436f6e74726f6c00b57affffff7fffff00006000a50900000700008025000000520000000180000037000080436f6e74726f6c74be63ffff4bd1ffff52656c6174696f6e736869702027426f6f6b696e675f464b3427206265747765656e2027556e69742720616e642027426f6f6b696e67270000002800b50100000700008026000000310000004900000002800000436f6e74726f6c00276fffffdbd0ffff00006000a5090000070000802a000000520000000180000036000080436f6e74726f6c797313ffff3ae1ffff52656c6174696f6e736869702027557365725f464b3227206265747765656e2027557365725f547970652720616e6420275573657227000000002800b5010000070000802b000000310000004300000002800000436f6e74726f6c00b915ffffb8e8ffff00006000a5090000070000802c000000520000000180000037000080436f6e74726f6c006232ffffabdaffff52656c6174696f6e736869702027426f6f6b696e675f464b3227206265747765656e2027557365722720616e642027426f6f6b696e67270000002800b5010000070000802d000000310000004900000002800000436f6e74726f6c007a56fffff1dcffff00006000a5090000070000802e000000520000000180000037000080436f6e74726f6c006232ffffc5deffff52656c6174696f6e736869702027426f6f6b696e675f464b3127206265747765656e2027557365722720616e642027426f6f6b696e67270000002800b5010000070000802f000000310000004900000002800000436f6e74726f6c007a56ffff0be1ffff00006400a5090000070000803000000052000000018000003a000080436f6e74726f6c74d676ffff8bbeffff52656c6174696f6e736869702027426f6f6b696e675f464b3527206265747765656e20275375626a6563742720616e642027426f6f6b696e6727000000002800b50100000700008031000000310000004900000002800000436f6e74726f6c00b478ffff1bbeffff00003400a50900000700008032000000a8020000008000000b00008053636847726964006efcfeff40edffff557365725f5374617475730000006000a50900000700008033000000520000000180000038000080436f6e74726f6c001d00ffff3ae1ffff52656c6174696f6e736869702027557365725f464b3127206265747765656e2027557365725f5374617475732720616e642027557365722700002800b50100000700008034000000310000004300000002800000436f6e74726f6c006302ffff17e8ffff00003800a50900000700008035000000ae020000008000000e00008053636847726964003283ffffd6edffff426f6f6b696e675f537461747573000000006c00a50900000700008036000000520000000180000041000080436f6e74726f6c79cf89ffff1ee2ffff52656c6174696f6e736869702027426f6f6b696e675f464b3327206265747765656e2027426f6f6b696e675f5374617475732720616e642027426f6f6b696e672700c04000002800b50100000700008037000000310000004900000002800000436f6e74726f6c74158cfffface8ffff00006000a50900000700008038000000520000000180000037000080436f6e74726f6c0013a0ffff2088ffff52656c6174696f6e736869702027426f6f6b696e675f464b3627206265747765656e20274d6f64652720616e642027426f6f6b696e67270000002800b50100000700008039000000310000004900000002800000436f6e74726f6c741c9affff619effff00006800a5090000070000803a0000005a000000018000003d000080436f6e74726f6c005531ffffd79dffff52656c6174696f6e73686970202750726963655f4c6973745f464b3127206265747765656e2027557365722720616e64202750726963655f4c6973742700000000002800b5010000070000803b000000310000004f00000002800000436f6e74726f6c009b33ffffb2a2ffff00006800a5090000070000803c000000520000000180000040000080436f6e74726f6c74475dffff44aaffff52656c6174696f6e73686970202750726963655f4c6973745f464b3227206265747765656e20275375626a6563742720616e64202750726963655f4c6973742700002800b5010000070000803d000000310000004f00000002800000436f6e74726f6c008d5fffffccb1ffff00006800a5090000070000803e0000005a000000018000003d000080436f6e74726f6c74d374ffffb585ffff52656c6174696f6e73686970202750726963655f4c6973745f464b3327206265747765656e20274d6f64652720616e64202750726963655f4c6973742700000000002800b5010000070000803f000000310000004f00000002800000436f6e74726f6c00a375ffff4585ffff00006800a5090000070000804000000052000000018000003d000080436f6e74726f6c74f149ffff44aaffff52656c6174696f6e73686970202750726963655f4c6973745f464b3427206265747765656e2027556e69742720616e64202750726963655f4c6973742700000000002800b50100000700008041000000310000004f00000002800000436f6e74726f6c74374cffffa2bcffff0000000000000100feff030a0000ffffffff00000000000000000000000000000000170000004d6963726f736f66742044445320466f726d20322e300010000000456d626564646564204f626a6563740000000000f439b271000000000000000000000000000000000000000000000000000000000000000000000000000000000000000000010003000000000000000c0000000b0000004e61bc00000000000000000000000000000000000000000000000000000000000000000000000000000000000000dbe6b0e91c81d011ad5100a0c90f57390000020010780f07b7ffd501020200001048450000000000000000000000000000000000da010000440061007400610021433412080000009c31000037190000785634120700000014010000410063007400690076006900740079000000cc3d000000000000000000000000e5e4e43e9a99993e000000000000000000000000a9a8a83e0000003f000000000000000000000000adac2c3e3333333f000000000000000000000000e1e0603d6666663f000000000000000000000000c1c0403c0000803f00000000000000000000000000000000000000000000000000000000f816ff5b0000000000000000f417ff5b20b3ff5b10b3812110b381210200000002000000000000000000000078ba9521000000000200000000008b430000204100808d430000204100008b430000704100000000000000000000000000000000000000000100000005000000540000002c0000002c0000002c000000340000000000000000000000e30b0000f8200000000000002d010000080000000c000000070000001c010000e1000000c3000000a40100000d02000077010000780000001b030000e00100001b030000ed030000b202000000000000010000009c3100003719000000000000060000000600000002000000020000001c010000041a00000000000001000000a60700005707000000000000010000000100000002000000020000001c010000e10000000100000000000000a60700002204000000000000000000000000000002000000020000001c010000e10000000000000000000000b60c0000fd30000000000000000000000d00000004000000040000001c010000e10000000e010000a500000078563412040000005a00000001000000010000000b000000000000000100000002000000030000000400000005000000060000000700000008000000090000000a00000004000000640062006f000000090000004100630074006900760069007400790000002143341208000000b63400009b31000078563412070000001401000042006f006f006b0069006e006700000080b38e1524cf8121000000000000000000001440000000000000244000000000000014400000000000406f40000000000000f03f0000000000000000000000000100000001000000000000000000000000000000000000000000f03f00000000000000000000000000000000000000000000000000000000000000000000000000000000f816ff5b0000000000000000f417ff5b20b3ff5b40cf812140cf81210200000002000000000000000000000020c67500000000000200000000002041000020410000a04000002041000020410000a04000000000000000000000000000000000000000000100000005000000540000002c0000002c0000002c000000340000000000000000000000e30b0000fd300000000000002d0100000d0000000c000000070000001c010000e1000000c3000000a40100000d02000077010000780000001b030000e00100001b030000ed030000b20200000000000001000000b63400009b310000000000000b0000000b00000002000000020000001c010000c61b00000000000001000000a60700005c17000000000000060000000600000002000000020000001c010000e10000000100000000000000a60700002204000000000000000000000000000002000000020000001c010000e10000000000000000000000b60c0000fd30000000000000000000000d00000004000000040000001c010000e10000000e010000a500000078563412040000005800000001000000010000000b000000000000000100000002000000030000000400000005000000060000000700000008000000090000000a00000004000000640062006f0000000800000042006f006f006b0069006e00670000002143341208000000602a00004c0f000078563412070000001401000045007100750070006d0065006e0074000000952144d4812100000000000000000000244000000000000014400000000000c070400000000000001440000000000000f03f00000000000000000000000001000000010000000000000000000000000000000000000000000000000000000000f03f0000000000000000000000000000000000000000000000000000000000000000f816ff5b0000000000000000f417ff5b20b3ff5b60d4812160d4812102000000020000000000000000000000a03a8f2100000000020000000000204100002041000020410000a040000070410000204100000000000000000000000000000000000000000100000005000000540000002c0000002c0000002c000000340000000000000000000000e30b0000c41d0000000000002d010000070000000c000000070000001c010000e1000000c3000000a40100000d02000077010000780000001b030000e00100001b030000ed030000b20200000000000001000000602a00004c0f000000000000030000000300000002000000020000001c010000ea1500000000000001000000a60700005707000000000000010000000100000002000000020000001c010000e10000000100000000000000a60700002204000000000000000000000000000002000000020000001c010000e10000000000000000000000b60c0000fd30000000000000000000000d00000004000000040000001c010000e10000000e010000a500000078563412040000005a00000001000000010000000b000000000000000100000002000000030000000400000005000000060000000700000008000000090000000a00000004000000640062006f0000000900000045007100750070006d0065006e00740000002143341208000000c22300004c0f000078563412070000001401000045007100750070006d0065006e0074005f00700068006f0074006f0067007200610070006800650072000000dcdb5b3feae9693f0000803f0000a0400000c040000010410000c0400000c0400000e0400000e0400000e0400000c0400000c0400000c040000040400000e0400000e0400000e040000080400000e040000040400000000000000000000000000000000000000000000000000000000000000000000000000000000000000000000000000000000000000000000000000000000000000000000000000000000000000000000000000000000000000000000000000000000000000000000000000000000000000000000000000100000005000000540000002c0000002c0000002c000000340000000000000000000000e30b0000c41d0000000000002d010000070000000c000000070000001c010000e1000000c3000000a40100000d02000077010000780000001b030000e00100001b030000ed030000b20200000000000001000000c22300004c0f000000000000020000000200000002000000020000001c0100002a1200000000000001000000a60700008b0a000000000000020000000200000002000000020000001c010000e10000000100000000000000a60700002204000000000000000000000000000002000000020000001c010000e10000000000000000000000b60c0000fd30000000000000000000000d00000004000000040000001c010000e10000000e010000a500000078563412040000007400000001000000010000000b000000000000000100000002000000030000000400000005000000060000000700000008000000090000000a00000004000000640062006f0000001600000045007100750070006d0065006e0074005f00700068006f0074006f00670072006100700068006500720000002143341208000000d6190000ad0e00007856341207000000140100004d006f006400650000002f0028003b0033003500280036003600110033004b0052005700520003000000c0400000304100000041000030410000a0400000c040000010410000c0400000c0400000e0400000e0400000e0400000c0400000c0400000c040000040400000e0400000e0400000e040000080400000e040000040400000000000000000000000000000000000000000000000000000000000000000000000000000000000000000000000000000000000000000000000000000000000000000000000000000000000000000000000000000000000000000000000000000000000000000000000000000000000000000000000000100000005000000540000002c0000002c0000002c000000340000000000000000000000e30b0000c41d0000000000002d010000070000000c000000070000001c010000e1000000c3000000a40100000d02000077010000780000001b030000e00100001b030000ed030000b20200000000000001000000d6190000ad0e000000000000020000000200000002000000020000001c0100008a0c00000000000001000000a60700005707000000000000010000000100000002000000020000001c010000e10000000100000000000000a60700002204000000000000000000000000000002000000020000001c010000e10000000000000000000000b60c0000fd30000000000000000000000d00000004000000040000001c010000e10000000e010000a500000078563412040000005200000001000000010000000b000000000000000100000002000000030000000400000005000000060000000700000008000000090000000a00000004000000640062006f000000050000004d006f006400650000002143341208000000cf3700004b150000785634120700000014010000500072006900630065005f004c006900730074000000563fdcdb5b3feae9693f0000803f0000803fd7d6563fdcdb5b3feae9693f0000803f4f004d0020007300790073002e0065007800740065006e006400650064005f00700072006f0070006500720074006900650073002000570048004500520045002000280063006c0061007300730020003d00200031002900200041004e004400200028006d0069006e006f0072005f006900640020003d00200030002900200041004e004400200028006d0061006a006f0072005f006900640020003d0020004f0042004a004500430054005f004900440028004e00000000000000000000000100000005000000540000002c0000002c0000002c000000340000000000000000000000e30b0000c41d0000000000002d010000070000000c000000070000001c010000e1000000c3000000a40100000d02000077010000780000001b030000e00100001b030000ed030000b20200000000000001000000cf3700004b15000000000000050000000500000002000000020000001c010000881d00000000000001000000a6070000f310000000000000040000000400000002000000020000001c010000e10000000100000000000000a60700002204000000000000000000000000000002000000020000001c010000e10000000000000000000000b60c0000fd30000000000000000000000d00000004000000040000001c010000e10000000e010000a500000078563412040000005e00000001000000010000000b000000000000000100000002000000030000000400000005000000060000000700000008000000090000000a00000004000000640062006f0000000b000000500072006900630065005f004c006900730074000000214334120800000008260000d00c00007856341207000000140100005300750062006a006500630074000000cdcccc3d000000000000000000000000e5e4e43e9a99993e000000000000000000000000a9a8a83e0000003f000000000000000000000000adac2c3e3333333f000000000000000000000000e1e0603d6666663f000000000000000000000000c1c0403c0000803f00000000000000000000000000000000000000000000000000000000000000000000000000000000000000000000000000000000000000000000000000000000000000000000000000000000000000000000000000000000000000000000000000000000000000000000000000000000000000000000000000000000000000000100000005000000540000002c0000002c0000002c000000340000000000000000000000e30b0000c41d0000000000002d010000070000000c000000070000001c010000e1000000c3000000a40100000d02000077010000780000001b030000e00100001b030000ed030000b2020000000000000100000008260000d00c000000000000020000000200000002000000020000001c010000741300000000000001000000a60700005707000000000000010000000100000002000000020000001c010000e10000000100000000000000a60700002204000000000000000000000000000002000000020000001c010000e10000000000000000000000b60c0000fd30000000000000000000000d00000004000000040000001c010000e10000000e010000a500000078563412040000005800000001000000010000000b000000000000000100000002000000030000000400000005000000060000000700000008000000090000000a00000004000000640062006f000000080000005300750062006a0065006300740000002143341208000000dc2600003a0d000078563412070000001401000055006e00690074000000000002000000b200000000000000000000002400000002000000030000000400000008000000000000000000000024000000030000000300000004000000040000000000000000000000240000000000000000000000010000000400000000000000240000002b000000020000000000000001000000040000000000000024000000550000000100000000000000060000000400000000000000240000005600000003000000000000000700000004000000000000003b000000570000000400000000000000030000000400000000000000240000008a00000000000000030000000500000000000000000000000100000005000000540000002c0000002c0000002c000000340000000000000000000000e30b0000c41d0000000000002d010000070000000c000000070000001c010000e1000000c3000000a40100000d02000077010000780000001b030000e00100001b030000ed030000b20200000000000001000000dc2600003a0d000000000000020000000200000002000000020000001c010000ec1300000000000001000000a60700005707000000000000010000000100000002000000020000001c010000e10000000100000000000000a60700002204000000000000000000000000000002000000020000001c010000e10000000000000000000000b60c0000fd30000000000000000000000d00000004000000040000001c010000e10000000e010000a500000078563412040000005200000001000000010000000b000000000000000100000002000000030000000400000005000000060000000700000008000000090000000a00000004000000640062006f0000000500000055006e00690074000000214334120800000070320000072c0000785634120700000014010000550073006500720000000000e5e4e43ecdcccc3d000000000000000000000000e5e4e43e9a99993e000000000000000000000000a9a8a83e0000003f000000000000000000000000adac2c3e3333333f000000000000000000000000e1e0603d6666663f000000000000000000000000c1c0403c0000803f000000000000000000000000000000000000f03f0000000000000000f816ff5b0000000000000000f417ff5b20b3ff5b68cb812168cb81210200000002000000000000000000000020c6750000000000020000000000803f0000803f0000803f0000b8410000a8c10000803f00000000000000000000000000000000000000000100000005000000540000002c0000002c0000002c000000340000000000000000000000e30b0000fd300000000000002d0100000d0000000c000000070000001c010000e1000000c3000000a40100000d02000077010000780000001b030000e00100001b030000ed030000b2020000000000000100000070320000072c0000000000000d0000000c00000002000000020000001c0100007c1a00000000000001000000a60700005707000000000000010000000100000002000000020000001c010000e10000000100000000000000a60700002204000000000000000000000000000002000000020000001c010000e10000000000000000000000b60c0000fd30000000000000000000000d00000004000000040000001c010000e10000000e010000a500000078563412040000005200000001000000010000000b000000000000000100000002000000030000000400000005000000060000000700000008000000090000000a00000004000000640062006f00000005000000550073006500720000002143341208000000991800006f0d000078563412070000001401000055007300650072005f0054007900700065000000000000000000000000000000e5e4e43e9a99993e000000000000000000000000a9a8a83e0000003f000000000000000000000000adac2c3e3333333f000000000000000000000000e1e0603d6666663f000000000000000000000000c1c0403c0000803f000000000000000000000000000000000000f03f0000000000000000f816ff5b0000000000000000f417ff5b20b3ff5b00c5812100c581210200000002000000000000000000000008e5152100000000020000000000803f000000400000803f00009841000080c10000004000000000000000000000000000000000000000000100000005000000540000002c0000002c0000002c000000340000000000000000000000e30b0000c41d0000000000002d010000070000000c000000070000001c010000e1000000c3000000a40100000d02000077010000780000001b030000e00100001b030000ed030000b20200000000000001000000991800006f0d000000000000020000000200000002000000020000001c010000d60b00000000000001000000a60700005707000000000000010000000100000002000000020000001c010000e10000000100000000000000a60700002204000000000000000000000000000002000000020000001c010000e10000000000000000000000b60c0000fd30000000000000000000000d00000004000000040000001c010000e10000000e010000a500000078563412040000005c00000001000000010000000b000000000000000100000002000000030000000400000005000000060000000700000008000000090000000a00000004000000640062006f0000000a00000055007300650072005f005400790070006500000003000b00b82affffeeb7ffffb82affff3094ffffae34ffff3094ffff0000000002000000f0f0f00000000000000000000000000000000000010000001b00000000000000672bffff08a1ffffc20600005801000032000000010000020000c206000058010000020000000000050000800800008001000000150001000000900144420100065461686f6d610c00410063007400690076006900740079005f0046004b00310002000b00140bffffe08affff140bffffe89fffff0000000002000000f0f0f00000000000000000000000000000000000010000001d000000000000002dfafeff0091ffff38100000580100001f0000000100000200003810000058010000020000000000050000800800008001000000150001000000900144420100065461686f6d61190045007100750070006d0065006e0074005f00700068006f0074006f0067007200610070006800650072005f0046004b00310002000b000a15ffffeeb7ffff0a15ffff34afffff0000000002000000f0f0f00000000000000000000000000000000000010000001f00000000000000b915ffffe5b2ffff3810000058010000320000000100000200003810000058010000020000000000050000800800008001000000150001000000900144420100065461686f6d61190045007100750070006d0065006e0074005f00700068006f0074006f0067007200610070006800650072005f0046004b00320002000b00f295ffff0682ffff4a66ffff0682ffff0000000002000000f0f0f00000000000000000000000000000000000010000002100000000000000b57affffff7fffffc20600005801000032000000010000020000c206000058010000020000000000050000800800008001000000150001000000900144420100065461686f6d610c00410063007400690076006900740079005f0046004b00320002000b00ea64ffffe2d2ffff4480ffffe2d2ffff0000000002000000f0f0f00000000000000000000000000000000000010000002600000000000000276fffffdbd0ffffdf0600005801000032000000010000020000df06000058010000020000000000050000800800008001000000150001000000900144420100065461686f6d610b0042006f006f006b0069006e0067005f0046004b00340002000b000a15ffff40edffff0a15fffff5e3ffff0000000002000000f0f0f00000000000000000000000000000000000010000002b00000000000000b915ffffb8e8ffff2e05000058010000280000000100000200002e05000058010000020000000000050000800800008001000000150001000000900144420100065461686f6d61080055007300650072005f0046004b00320002000b008e33ffff42dcffff4480ffff42dcffff0000000002000000f0f0f00000000000000000000000000000000000010000002d000000000000007a56fffff1dcffffdf0600005801000032000000010000020000df06000058010000020000000000050000800800008001000000150001000000900144420100065461686f6d610b0042006f006f006b0069006e0067005f0046004b00320002000b008e33ffff5ce0ffff4480ffff5ce0ffff0000000002000000f0f0f00000000000000000000000000000000000010000002f000000000000007a56ffff0be1ffffdf0600005801000032000000010000020000df06000058010000020000000000050000800800008001000000150001000000900144420100065461686f6d610b0042006f006f006b0069006e0067005f0046004b00310002000b000278ffff22c0ffff4480ffff22c0ffff0000000002000000f0f0f00000000000000000000000000000000000010000003100000000000000b478ffff1bbeffffdf0600005801000032000000010000020000df06000058010000020000000000050000800800008001000000150001000000900144420100065461686f6d610b0042006f006f006b0069006e0067005f0046004b00350021433412080000003a130000040d000078563412070000001401000055007300650072005f00530074006100740075007300000000000000000000000000244000000000004070400000000000c070400000000000001440000000000000f03f00000000000000000000000001000000010000000000000000000000000000000000000000000000000000000000000000000000000000000000000000000000000000000000f03f0000000000000000f816ff5b0000000000000000f417ff5b20b3ff5b70c2812170c281210200000002000000000000000000000078bc95210000000002000000000020410000824300002041008084430000a0400000824300000000000000000000000000000000000000000100000005000000540000002c0000002c0000002c000000340000000000000000000000d716000053160000000000002d010000070000000c000000070000001c01000083040000b1030000a40100000d02000077010000760200001b030000e00100001b030000ed030000b202000000000000010000003a130000040d000000000000020000000200000002000000020000001c010000ca0800000000000001000000930b0000af05000000000000010000000100000002000000020000001c010000830400000100000000000000930b00004f03000000000000000000000000000002000000020000001c0100008304000000000000000000002f1b00009624000000000000000000000d00000004000000040000001c01000083040000550500004803000078563412040000006000000001000000010000000b000000000000000100000002000000030000000400000005000000060000000700000008000000090000000a00000004000000640062006f0000000c00000055007300650072005f00530074006100740075007300000002000b00b401ffff40edffffb401fffff5e3ffff0000000002000000f0f0f000000000000000000000000000000000000100000034000000000000006302ffff17e8ffff2e05000058010000300000000100000200002e05000058010000020000000000050000800800008001000000150001000000900144420100065461686f6d61080055007300650072005f0046004b0031002143341208000000de200000050d000078563412070000001401000042006f006f006b0069006e0067005f00530074006100740075007300000000000000244000000000004070400000000000c070400000000000001440000000000000f03f00000000000000000000000001000000010000000000000000000000000000000000000000000000000000000000000000000000000000000000000000000000000000000000f03f0000000000000000f816ff5b0000000000000000f417ff5b20b3ff5bf8cd8121f8cd81210200000002000000000000000000000078bc95210000000002000000000020410000824300002041008084430000a0400000824300000000000000000000000000000000000000000100000005000000540000002c0000002c0000002c000000340000000000000000000000d716000053160000000000002d010000070000000c000000070000001c01000083040000b1030000a40100000d02000077010000760200001b030000e00100001b030000ed030000b20200000000000001000000de200000050d000000000000020000000200000002000000020000001c010000861000000000000001000000930b0000af05000000000000010000000100000002000000020000001c010000830400000100000000000000930b00004f03000000000000000000000000000002000000020000001c0100008304000000000000000000002f1b00009624000000000000000000000d00000004000000040000001c01000083040000550500004803000078563412040000006600000001000000010000000b000000000000000100000002000000030000000400000005000000060000000700000008000000090000000a00000004000000640062006f0000000f00000042006f006f006b0069006e0067005f00530074006100740075007300000002000b00668bffffd6edffff668bffffd9e4ffff0000000002000000f0f0f00000000000000000000000000000000000010000003700000000000000158cfffface8ffffdf0600005801000032000000010000020000df06000058010000020000000000ffffff000800008001000000150001000000900144420100065461686f6d610b0042006f006f006b0069006e0067005f0046004b00330002000b00aaa1ffffd78affffaaa1ffff3eb3ffff0000000002000000f0f0f000000000000000000000000000000000000100000039000000000000001c9affff619effffdf0600005801000032000000010000020000df06000058010000020000000000ffffff000800008001000000150001000000900144420100065461686f6d610b0042006f006f006b0069006e0067005f0046004b00360003000b00ec32ffffeeb7ffffec32ffff529fffffac45ffff529fffff0000000002000000f0f0f00000000000000000000000000000000000010000003b000000000000009b33ffffb2a2ffffc60700005801000032000000010000020000c607000058010000020000000000ffffff000800008001000000150001000000900144420100065461686f6d610e00500072006900630065005f004c006900730074005f0046004b00310002000b00de5effffeeb7ffffde5effffffacffff0000000002000000f0f0f00000000000000000000000000000000000010000003d000000000000008d5fffffccb1ffffc60700005801000032000000010000020000c607000058010000020000000000ffffff000800008001000000150001000000900144420100065461686f6d610e00500072006900630065005f004c006900730074005f0046004b00320003000b00f295ffff4c87ffff4e76ffff4c87ffff4e76ffffb497ffff0000000002000000f0f0f00000000000000000000000000000000000010000003f00000000000000a375ffff4585ffffc60700005801000032000000010000020000c607000058010000020000000000ffffff000800008001000000150001000000900144420100065461686f6d610e00500072006900630065005f004c006900730074005f0046004b00330002000b00884bffff9ccdffff884bffffffacffff0000000002000000f0f0f00000000000000000000000000000000000010000004100000000000000374cffffa2bcffffc60700005801000032000000010000020000c607000058010000020000000000ffffff000800008001000000150001000000900144420100065461686f6d610e00500072006900630065005f004c006900730074005f0046004b0034000000000000000000000000000000000000000000000000000000000000000000000000000000000000000000000000000000000000000000000000000000000000000300440064007300530074007200650061006d000000000000000000000000000000000000000000000000000000000000000000000000000000000000000000160002000300000006000000ffffffff00000000000000000000000000000000000000000000000000000000000000000000000020000000de2000000000000053006300680065006d00610020005500440056002000440065006600610075006c0074000000000000000000000000000000000000000000000000000000000026000200ffffffffffffffffffffffff000000000000000000000000000000000000000000000000000000000000000000000000360000001600000000000000440053005200450046002d0053004300480045004d0041002d0043004f004e00540045004e0054005300000000000000000000000000000000000000000000002c0002010500000007000000ffffffff00000000000000000000000000000000000000000000000000000000000000000000000037000000740400000000000053006300680065006d00610020005500440056002000440065006600610075006c007400200050006f007300740020005600360000000000000000000000000036000200ffffffffffffffffffffffff0000000000000000000000000000000000000000000000000000000000000000000000004900000012000000000000000c000000e6e8feff2e94ffff0100260000007300630068005f006c006100620065006c0073005f00760069007300690062006c0065000000010000000b0000001e0000000000000000000000000000000000000064000000000000000000000000000000000000000000000000000d0000000d00000000000000000000000000000000000000d00200000600280000004100630074006900760065005400610062006c00650056006900650077004d006f006400650000000100000008000400000031000000200000005400610062006c00650056006900650077004d006f00640065003a00300000000100000008003400000034002c0030002c003200380034002c0030002c003200320035002c0031002c003100390035002c0035002c003100320030000000200000005400610062006c00650056006900650077004d006f00640065003a00310000000100000008001e00000032002c0030002c003200380034002c0030002c0036003600360030000000200000005400610062006c00650056006900650077004d006f00640065003a00320000000100000008001c00000032002c0030002c003200380034002c0030002c003200320035000000200000005400610062006c00650056006900650077004d006f00640065003a00330000000100000008001c00000032002c0030002c003200380034002c0030002c003200320035000000200000005400610062006c00650056006900650077004d006f00640065003a00340000000100000008003800000034002c0030002c003200380034002c0030002c003200320035002c00310032002c003200370030002c00310031002c0031003600350000000e0000000e00000000000000000000000000000000000000d00200000600280000004100630074006900760065005400610062006c00650056006900650077004d006f006400650000000100000008000400000031000000200000005400610062006c00650056006900650077004d006f00640065003a00300000000100000008003400000034002c0030002c003200380034002c0030002c003200320035002c0031002c003100390035002c0035002c003100320030000000200000005400610062006c00650056006900650077004d006f00640065003a00310000000100000008001e00000032002c0030002c003200380034002c0030002c0037003100310030000000200000005400610062006c00650056006900650077004d006f00640065003a00320000000100000008001c00000032002c0030002c003200380034002c0030002c003200320035000000200000005400610062006c00650056006900650077004d006f00640065003a00330000000100000008001c00000032002c0030002c003200380034002c0030002c003200320035000000200000005400610062006c00650056006900650077004d006f00640065003a00340000000100000008003800000034002c0030002c003200380034002c0030002c003200320035002c00310032002c003200370030002c00310031002c0031003600350000000f0000000f00000000000000000000000000000000000000d00200000600280000004100630074006900760065005400610062006c00650056006900650077004d006f006400650000000100000008000400000031000000200000005400610062006c00650056006900650077004d006f00640065003a00300000000100000008003400000034002c0030002c003200380034002c0030002c003200320035002c0031002c003100390035002c0035002c003100320030000000200000005400610062006c00650056006900650077004d006f00640065003a00310000000100000008001e00000032002c0030002c003200380034002c0030002c0035003600310030000000200000005400610062006c00650056006900650077004d006f00640065003a00320000000100000008001c00000032002c0030002c003200380034002c0030002c003200320035000000200000005400610062006c00650056006900650077004d006f00640065003a00330000000100000008001c00000032002c0030002c003200380034002c0030002c003200320035000000200000005400610062006c00650056006900650077004d006f00640065003a00340000000100000008003800000034002c0030002c003200380034002c0030002c003200320035002c00310032002c003200370030002c00310031002c003100360035000000100000001000000000000000000000000000000000000000d00200000600280000004100630074006900760065005400610062006c00650056006900650077004d006f006400650000000100000008000400000031000000200000005400610062006c00650056006900650077004d006f00640065003a00300000000100000008003400000034002c0030002c003200380034002c0030002c003200320035002c0031002c003100390035002c0035002c003100320030000000200000005400610062006c00650056006900650077004d006f00640065003a00310000000100000008001e00000032002c0030002c003200380034002c0030002c0034003600350030000000200000005400610062006c00650056006900650077004d006f00640065003a00320000000100000008001c00000032002c0030002c003200380034002c0030002c003200320035000000200000005400610062006c00650056006900650077004d006f00640065003a00330000000100000008001c00000032002c0030002c003200380034002c0030002c003200320035000000200000005400610062006c00650056006900650077004d006f00640065003a00340000000100000008003800000034002c0030002c003200380034002c0030002c003200320035002c00310032002c003200370030002c00310031002c003100360035000000110000001100000000000000000000000000000000000000d00200000600280000004100630074006900760065005400610062006c00650056006900650077004d006f006400650000000100000008000400000031000000200000005400610062006c00650056006900650077004d006f00640065003a00300000000100000008003400000034002c0030002c003200380034002c0030002c003200320035002c0031002c003100390035002c0035002c003100320030000000200000005400610062006c00650056006900650077004d006f00640065003a00310000000100000008001e00000032002c0030002c003200380034002c0030002c0033003200310030000000200000005400610062006c00650056006900650077004d006f00640065003a00320000000100000008001c00000032002c0030002c003200380034002c0030002c003200320035000000200000005400610062006c00650056006900650077004d006f00640065003a00330000000100000008001c00000032002c0030002c003200380034002c0030002c003200320035000000200000005400610062006c00650056006900650077004d006f00640065003a00340000000100000008003800000034002c0030002c003200380034002c0030002c003200320035002c00310032002c003200370030002c00310031002c003100360035000000120000001200000000000000000000000000000000000000d00200000600280000004100630074006900760065005400610062006c00650056006900650077004d006f006400650000000100000008000400000031000000200000005400610062006c00650056006900650077004d006f00640065003a00300000000100000008003400000034002c0030002c003200380034002c0030002c003200320035002c0031002c003100390035002c0035002c003100320030000000200000005400610062006c00650056006900650077004d006f00640065003a00310000000100000008001e00000032002c0030002c003200380034002c0030002c0037003500360030000000200000005400610062006c00650056006900650077004d006f00640065003a00320000000100000008001c00000032002c0030002c003200380034002c0030002c003200320035000000200000005400610062006c00650056006900650077004d006f00640065003a00330000000100000008001c00000032002c0030002c003200380034002c0030002c003200320035000000200000005400610062006c00650056006900650077004d006f00640065003a00340000000100000008003800000034002c0030002c003200380034002c0030002c003200320035002c00310032002c003200370030002c00310031002c003100360035000000150000001500000000000000000000000000000000000000d00200000600280000004100630074006900760065005400610062006c00650056006900650077004d006f006400650000000100000008000400000031000000200000005400610062006c00650056006900650077004d006f00640065003a00300000000100000008003400000034002c0030002c003200380034002c0030002c003200320035002c0031002c003100390035002c0035002c003100320030000000200000005400610062006c00650056006900650077004d006f00640065003a00310000000100000008001e00000032002c0030002c003200380034002c0030002c0034003900380030000000200000005400610062006c00650056006900650077004d006f00640065003a00320000000100000008001c00000032002c0030002c003200380034002c0030002c003200320035000000200000005400610062006c00650056006900650077004d006f00640065003a00330000000100000008001c00000032002c0030002c003200380034002c0030002c003200320035000000200000005400610062006c00650056006900650077004d006f00640065003a00340000000100000008003800000034002c0030002c003200380034002c0030002c003200320035002c00310032002c003200370030002c00310031002c003100360035000000160000001600000000000000000000000000000000000000d00200000600280000004100630074006900760065005400610062006c00650056006900650077004d006f006400650000000100000008000400000031000000200000005400610062006c00650056006900650077004d006f00640065003a00300000000100000008003400000034002c0030002c003200380034002c0030002c003200320035002c0031002c003100390035002c0035002c003100320030000000200000005400610062006c00650056006900650077004d006f00640065003a00310000000100000008001e00000032002c0030002c003200380034002c0030002c0035003100300030000000200000005400610062006c00650056006900650077004d006f00640065003a00320000000100000008001c00000032002c0030002c003200380034002c0030002c003200320035000000200000005400610062006c00650056006900650077004d006f00640065003a00330000000100000008001c00000032002c0030002c003200380034002c0030002c003200320035000000200000005400610062006c00650056006900650077004d006f00640065003a00340000000100000008003800000034002c0030002c003200380034002c0030002c003200320035002c00310032002c003200370030002c00310031002c003100360035000000170000001700000000000000000000000000000000000000d00200000600280000004100630074006900760065005400610062006c00650056006900650077004d006f006400650000000100000008000400000031000000200000005400610062006c00650056006900650077004d006f00640065003a00300000000100000008003400000034002c0030002c003200380034002c0030002c003200320035002c0031002c003100390035002c0035002c003100320030000000200000005400610062006c00650056006900650077004d006f00640065003a00310000000100000008001e00000032002c0030002c003200380034002c0030002c0036003700380030000000200000005400610062006c00650056006900650077004d006f00640065003a00320000000100000008001c00000032002c0030002c003200380034002c0030002c003200320035000000200000005400610062006c00650056006900650077004d006f00640065003a00330000000100000008001c00000032002c0030002c003200380034002c0030002c003200320035000000200000005400610062006c00650056006900650077004d006f00640065003a00340000000100000008003800000034002c0030002c003200380034002c0030002c003200320035002c00310032002c003200370030002c00310031002c003100360035000000180000001800000000000000000000000000000000000000d00200000600280000004100630074006900760065005400610062006c00650056006900650077004d006f006400650000000100000008000400000031000000200000005400610062006c00650056006900650077004d006f00640065003a00300000000100000008003400000034002c0030002c003200380034002c0030002c003200320035002c0031002c003100390035002c0035002c003100320030000000200000005400610062006c00650056006900650077004d006f00640065003a00310000000100000008001e00000032002c0030002c003200380034002c0030002c0033003000330030000000200000005400610062006c00650056006900650077004d006f00640065003a00320000000100000008001c00000032002c0030002c003200380034002c0030002c003200320035000000200000005400610062006c00650056006900650077004d006f00640065003a00330000000100000008001c00000032002c0030002c003200380034002c0030002c003200320035000000200000005400610062006c00650056006900650077004d006f00640065003a00340000000100000008003800000034002c0030002c003200380034002c0030002c003200320035002c00310032002c003200370030002c00310031002c0031003600350000001a0000001a000000000000002a00000001359d2101000000640062006f000000410063007400690076006900740079005f0046004b00310000000000000000000000c402000000001b0000001b0000001a00000008000000014d8f21604d8f210000000000000000ad0f00000100001c0000001c00000000000000440000000100000001000000640062006f00000045007100750070006d0065006e0074005f00700068006f0074006f0067007200610070006800650072005f0046004b00310000000000000000000000c402000000001d0000001d0000001c0000000800000001b20d21d8b20d210000000000000000ad0f00000100001e0000001e00000000000000440000000100000001000000640062006f00000045007100750070006d0065006e0074005f00700068006f0074006f0067007200610070006800650072005f0046004b00320000000000000000000000c402000000001f0000001f0000001e0000000800000001ea152188ea15210000000000000000ad0f00000100002000000020000000000000002a000000014f892801000000640062006f000000410063007400690076006900740079005f0046004b00320000000000000000000000c402000000002100000021000000200000000800000001c4952178c495210000000000000000ad0f0000010000250000002500000000000000280000000100000001000000640062006f00000042006f006f006b0069006e0067005f0046004b00340000000000000000000000c4020000000026000000260000002500000008000000018d6721788d67210000000000000000ad0f00000100002a0000002a000000000000002200000001b4c82101000000640062006f00000055007300650072005f0046004b00320000000000000000000000c402000000002b0000002b0000002a0000000800000001cd9521f8cd95210000000000000000ad0f00000100002c0000002c000000000000002800000001b9c82101000000640062006f00000042006f006f006b0069006e0067005f0046004b00320000000000000000000000c402000000002d0000002d0000002c0000000800000001d0952178d095210000000000000000ad0f00000100002e0000002e000000000000002800000001b9c82101000000640062006f00000042006f006f006b0069006e0067005f0046004b00310000000000000000000000c402000000002f0000002f0000002e0000000800000001c99521b8c995210000000000000000ad0f00000100003000000030000000000000002800000001b7c82101000000640062006f00000042006f006f006b0069006e0067005f0046004b00350000000000000000000000c4020000000031000000310000003000000008000000014d8f21e04d8f210000000000000000ad0f0000010000320000003200000000000000000000000000000000000000d00200000600280000004100630074006900760065005400610062006c00650056006900650077004d006f006400650000000100000008000400000031000000200000005400610062006c00650056006900650077004d006f00640065003a00300000000100000008003600000034002c0030002c003200380034002c0030002c0031003100350035002c0031002c003900340035002c0035002c003600330030000000200000005400610062006c00650056006900650077004d006f00640065003a00310000000100000008001e00000032002c0030002c003200380034002c0030002c0032003200350030000000200000005400610062006c00650056006900650077004d006f00640065003a00320000000100000008001e00000032002c0030002c003200380034002c0030002c0031003100350035000000200000005400610062006c00650056006900650077004d006f00640065003a00330000000100000008001e00000032002c0030002c003200380034002c0030002c0031003100350035000000200000005400610062006c00650056006900650077004d006f00640065003a00340000000100000008003c00000034002c0030002c003200380034002c0030002c0031003100350035002c00310032002c0031003300360035002c00310031002c003800340030000000330000003300000000000000220000000100000001000000640062006f00000055007300650072005f0046004b00310000000000000000000000c402000000003400000034000000330000000800000001c71521c8c715210000000000000000ad0f0000010000350000003500000000000000000000000000000000000000d00200000600280000004100630074006900760065005400610062006c00650056006900650077004d006f006400650000000100000008000400000031000000200000005400610062006c00650056006900650077004d006f00640065003a00300000000100000008003600000034002c0030002c003200380034002c0030002c0031003100350035002c0031002c003900340035002c0035002c003600330030000000200000005400610062006c00650056006900650077004d006f00640065003a00310000000100000008001e00000032002c0030002c003200380034002c0030002c0034003200330030000000200000005400610062006c00650056006900650077004d006f00640065003a00320000000100000008001e00000032002c0030002c003200380034002c0030002c0031003100350035000000200000005400610062006c00650056006900650077004d006f00640065003a00330000000100000008001e00000032002c0030002c003200380034002c0030002c0031003100350035000000200000005400610062006c00650056006900650077004d006f00640065003a00340000000100000008003c00000034002c0030002c003200380034002c0030002c0031003100350035002c00310032002c0031003300360035002c00310031002c003800340030000000360000003600000000000000280000000134047701000000640062006f00000042006f006f006b0069006e0067005f0046004b00330000000000000000000000c402000000003700000037000000360000000800000001620321f06203210000000000000000ad0f00000100003800000038000000000000002800000001b4c82101000000640062006f00000042006f006f006b0069006e0067005f0046004b00360000000000000000000000c402000000003900000039000000380000000800000001228f2120228f210000000000000000ad0f00000100003a0000003a000000000000002e000000014f892801000000640062006f000000500072006900630065005f004c006900730074005f0046004b00310000000000000000000000c402000000003b0000003b0000003a00000008000000011e8f21201e8f210000000000000000ad0f00000100003c0000003c000000000000002e000000014f892801000000640062006f000000500072006900630065005f004c006900730074005f0046004b00320000000000000000000000c402000000003d0000003d0000003c00000008000000011c8f21201c8f210000000000000000ad0f00000100003e0000003e000000000000002e000000014f892801000000640062006f000000500072006900630065005f004c006900730074005f0046004b00330000000000000000000000c402000000003f0000003f0000003e00000008000000011c8f21601c8f210000000000000000ad0f00000100004000000040000000000000002e000000014f892801000000640062006f000000500072006900630065005f004c006900730074005f0046004b00340000000000000000000000c402000000004100000041000000400000000800000001d1152148d115210000000000000000ad0f0000010000500000001c0000000f0000001000000021000000240000003e00000011000000120000007a000000a400000038000000110000000e000000270000007000000020000000110000000d00000068000000bb0000003c00000015000000120000002a0000005500000030000000150000000e0000009b000000dc0000004000000016000000120000002c0000001300000025000000160000000e000000930000001c0100003a0000001700000012000000a8000000d40000002e000000170000000e000000330100004a0100002c000000170000000e000000250100003c0100001e000000170000001000000042000000470000001a000000170000000d0000008c000000f80000002a00000018000000170000000000000043000000330000003200000017000000100000000100000036000000350000000e0000001a000000250000000000000000000000000000000000000000000000000000000000000000000000000000000000000000000000000000000000000000000000000000000000000000000000000000000000000000000000000000000000000000000000000000000000000000000000000000000000000000000000000000000000000000000000000000000000000000000000000000000000000000000000000000000000000000000000000000000000000000000000000000000000000000000000000000000000000000000000000000000000000000000000000000000000000000000000000000000000000000000000000000000000000000000000000000000000000000000000000000000000000000000000000000000000000000000000000000000000200053006f0075007200630065003d00410044004e0041004e0041004c002d0045004d0041004d005c00530051004c0045005800500052004500530053003b0049006e0069007400690061006c00200043006100740061006c006f0067003d00500068006f0074006f003b0049006e00740065006700720061007400650064002000530065006300750072006900740079003d0054007200750065003b004d0075006c007400690070006c00650041006300740069007600650052006500730075006c00740053006500740073003d00460061006c00730065003b0043006f006e006e006500630074002000540069006d0065006f00750074003d00330030003b0054007200750073007400530065007200760065007200430065007200740069006600690063006100740065003d00460061006c00730065003b005000610063006b00650074002000530069007a0065003d0034003000390036003b004100700070006c00690063006100740069006f006e0020004e0061006d0065003d0022004d006900630072006f0073006f00660074002000530051004c00200053006500720076006500720020004d0061006e006100670065006d0065006e0074002000530074007500640069006f002200000000800500140000004400690061006700720061006d005f0031000000000226001200000041006300740069007600690074007900000008000000640062006f000000000226001000000042006f006f006b0069006e006700000008000000640062006f000000000226001200000045007100750070006d0065006e007400000008000000640062006f000000000226002c00000045007100750070006d0065006e0074005f00700068006f0074006f006700720061007000680065007200000008000000640062006f000000000226000a0000004d006f0064006500000008000000640062006f0000000002260016000000500072006900630065005f004c00690073007400000008000000640062006f00000000022600100000005300750062006a00650063007400000008000000640062006f000000000226000a00000055006e0069007400000008000000640062006f000000000226000a0000005500730065007200000008000000640062006f000000000226001400000055007300650072005f005400790070006500000008000000640062006f000000000226001800000055007300650072005f00530074006100740075007300000008000000640062006f000000000224001e00000042006f006f006b0069006e0067005f00530074006100740075007300000008000000640062006f00000001000000d68509b3bb6bf2459ab8371664f0327008004e0000007b00310036003300340043004400440037002d0030003800380038002d0034003200450033002d0039004600410032002d004200360044003300320035003600330042003900310044007d000000000000000000000000000000010003000000000000000c0000000b0000000000000000000000000000000000000000000000000000000000000000000000000000000000000000000000000000000000000000000000000000000000000000000000000000000000000000000000000000000000000000000000000000000000000000000000000000000000000000000000000000000000000000000000000000000000000000000000000000000000000000000000000000000000000000000000000000000000000000000000000000000000000000000000000000000000000000000000000000000000000000000000000000000000000000000000000000000000000000000000000000000000000000000000000000000000000000000000000000000000000000000000000000000000000000000000000000000000000000000000000000000000000000000000000000000000000000000000000000000000000000000000000000000000000000000000000000000000000000000000000000000000000000000000000000000000000000000000000000000000000000000000000000000000000000000000000000000000000000000000000000000000000000000000000062885214);

-- --------------------------------------------------------

--
-- Table structure for table `unit`
--

CREATE TABLE `unit` (
  `ID` int(11) NOT NULL,
  `Description` varchar(50) NOT NULL
) ENGINE=InnoDB DEFAULT CHARSET=utf8mb4;

--
-- Dumping data for table `unit`
--

INSERT INTO `unit` (`ID`, `Description`) VALUES
(1, 'Full'),
(2, 'Hour');

-- --------------------------------------------------------

--
-- Table structure for table `user`
--

CREATE TABLE `user` (
  `ID` int(11) NOT NULL,
  `First_Name` varchar(50) NOT NULL,
  `Last_Name` varchar(50) NOT NULL,
  `Email` varchar(50) NOT NULL,
  `Phone` char(15) NOT NULL,
  `Personal_Photo` longtext NOT NULL,
  `Gender` int(11) NOT NULL,
  `Location` longtext NOT NULL,
  `Birth_Date` date NOT NULL,
  `Password` varchar(50) NOT NULL,
  `Nick_Name` varchar(50) NOT NULL,
  `ID_User_Type` int(11) NOT NULL,
  `ID_User_Status` int(11) NOT NULL
) ENGINE=InnoDB DEFAULT CHARSET=utf8mb4;

--
-- Dumping data for table `user`
--

INSERT INTO `user` (`ID`, `First_Name`, `Last_Name`, `Email`, `Phone`, `Personal_Photo`, `Gender`, `Location`, `Birth_Date`, `Password`, `Nick_Name`, `ID_User_Type`, `ID_User_Status`) VALUES
(1, 'adnan', 'alemam', 'ad@gmail.com', '0799857289', 'as', 0, 'Amman', '1997-01-27', 'a123', 'adnanalemam', 1, 2),
(2, 'sohaib', 'naseer', 'so@gmail.com', '0788888888', 'as', 0, 'Zarqa', '1998-03-24', 's123', 'sohaibnaseer', 2, 2),
(3, 'anas', 'awad', 'an@gmail.com', '0788888889', 'as', 0, 'Aqaba', '1997-03-15', 'a123', 'anasawad', 3, 3),
(4, 'soha', 'khaled', 'soha@gmail.com', '0777777777', 'as', 1, 'Amman', '1994-02-13', 's123', 'sohakhaled', 3, 2),
(5, 'mohammed', 'aboqutesh', 'mo@gmail.com', '0799999898', 'as', 0, 'amman', '1997-05-26', 'm123', 'mohammedqu', 2, 2),
(6, 'mohammed', 'almoqdad', 'mo1@gmail.com', '0785785858', 'as', 0, 'Irbid', '1997-03-30', 'm123', 'mohammedmoq', 1, 2),
(7, 'heba', 'malik', 'heba@gmail.com', '0784747474', 'as', 1, 'Mafraq', '1990-02-07', 'h123', 'Hebamalik', 3, 2),
(8, 'mona', 'yaseer', 'mona@gmail.com', '0799858958', 'as', 1, 'Amman', '1987-07-21', 'm123', 'monayaseer', 3, 2),
(9, 'mohmmed', 'hasan', 'mohammed@hormail.c', '123', '', 0, 'amman', '0000-00-00', '123', 'as', 3, 2),
(29, 'mohammed', 'hassan', 'mohammed@hormail.c', '123', '', 0, 'amman', '1997-05-23', '23', 'mohammed97', 2, 2),
(44, 'moha', 'da', 'mohammed@hormail.c', '123', '', 0, 'amman', '1997-05-23', '123', '59', 2, 2),
(45, 'mohammed', 's', 'mohammed@hormail.c', '123', '', 0, 'amman', '1997-05-23', '123', '2669', 2, 2),
(48, 'mohammed', 'hassan', 'mohammed@hormail.c', '123', '', 0, 'amman', '1997-05-23', 'as', 'sas', 2, 2),
(51, 'mohammed', '23', 'testt@test.com', '132', '', 0, 'amman', '1997-05-23', '23', 'hh', 3, 2),
(68, 'mohammed', '56', 'mohammed@hormail.c', '123', '', 0, 'amman', '1997-05-23', '123', 'mkh', 3, 2);

-- --------------------------------------------------------

--
-- Table structure for table `user_status`
--

CREATE TABLE `user_status` (
  `ID` int(11) NOT NULL,
  `Description` varchar(50) NOT NULL
) ENGINE=InnoDB DEFAULT CHARSET=utf8mb4;

--
-- Dumping data for table `user_status`
--

INSERT INTO `user_status` (`ID`, `Description`) VALUES
(1, 'Pending'),
(2, 'Active'),
(3, 'Hanging'),
(4, 'Black List');

-- --------------------------------------------------------

--
-- Table structure for table `user_type`
--

CREATE TABLE `user_type` (
  `ID` int(11) NOT NULL,
  `Type` varchar(50) NOT NULL
) ENGINE=InnoDB DEFAULT CHARSET=utf8mb4;

--
-- Dumping data for table `user_type`
--

INSERT INTO `user_type` (`ID`, `Type`) VALUES
(1, 'Admin'),
(2, 'Photographer'),
(3, 'Client');

--
-- Indexes for dumped tables
--

--
-- Indexes for table `action_mode`
--
ALTER TABLE `action_mode`
  ADD PRIMARY KEY (`ID`);

--
-- Indexes for table `activity`
--
ALTER TABLE `activity`
  ADD PRIMARY KEY (`Serial`),
  ADD KEY `Activity_FK2` (`ID_Mode`),
  ADD KEY `Activity_FK1` (`ID_User`);

--
-- Indexes for table `booking`
--
ALTER TABLE `booking`
  ADD PRIMARY KEY (`ID`),
  ADD KEY `Booking_FK3` (`ID_Status`),
  ADD KEY `Booking_FK4` (`ID_Unit`),
  ADD KEY `Booking_FK6` (`ID_Mode`),
  ADD KEY `Booking_FK5` (`ID_Subject`),
  ADD KEY `Booking_FK2` (`ID_Client`),
  ADD KEY `Booking_FK1` (`ID_Photographer`);

--
-- Indexes for table `booking_status`
--
ALTER TABLE `booking_status`
  ADD PRIMARY KEY (`ID`);

--
-- Indexes for table `equpment`
--
ALTER TABLE `equpment`
  ADD PRIMARY KEY (`ID`);

--
-- Indexes for table `equpment_photographer`
--
ALTER TABLE `equpment_photographer`
  ADD PRIMARY KEY (`ID_Equpment`,`ID_User`),
  ADD KEY `Equpment_photographer_FK2` (`ID_User`);

--
-- Indexes for table `price_list`
--
ALTER TABLE `price_list`
  ADD PRIMARY KEY (`ID_Mode`,`ID_Unit`,`ID_Photographer`,`ID_Subject`),
  ADD KEY `Price_List_FK4` (`ID_Unit`),
  ADD KEY `Price_List_FK2` (`ID_Subject`),
  ADD KEY `Price_List_FK1` (`ID_Photographer`);

--
-- Indexes for table `subject`
--
ALTER TABLE `subject`
  ADD PRIMARY KEY (`ID`);

--
-- Indexes for table `sysdiagrams`
--
ALTER TABLE `sysdiagrams`
  ADD PRIMARY KEY (`diagram_id`);

--
-- Indexes for table `unit`
--
ALTER TABLE `unit`
  ADD PRIMARY KEY (`ID`);

--
-- Indexes for table `user`
--
ALTER TABLE `user`
  ADD PRIMARY KEY (`ID`),
  ADD UNIQUE KEY `Nick_Name` (`Nick_Name`),
  ADD KEY `User_FK1` (`ID_User_Status`),
  ADD KEY `User_FK2` (`ID_User_Type`);

--
-- Indexes for table `user_status`
--
ALTER TABLE `user_status`
  ADD PRIMARY KEY (`ID`);

--
-- Indexes for table `user_type`
--
ALTER TABLE `user_type`
  ADD PRIMARY KEY (`ID`);

--
-- AUTO_INCREMENT for dumped tables
--

--
-- AUTO_INCREMENT for table `booking`
--
ALTER TABLE `booking`
  MODIFY `ID` int(11) NOT NULL AUTO_INCREMENT, AUTO_INCREMENT=2;

--
-- AUTO_INCREMENT for table `user`
--
ALTER TABLE `user`
  MODIFY `ID` int(11) NOT NULL AUTO_INCREMENT, AUTO_INCREMENT=69;

--
-- Constraints for dumped tables
--

--
-- Constraints for table `activity`
--
ALTER TABLE `activity`
  ADD CONSTRAINT `Activity_FK1` FOREIGN KEY (`ID_User`) REFERENCES `user` (`ID`),
  ADD CONSTRAINT `Activity_FK2` FOREIGN KEY (`ID_Mode`) REFERENCES `action_mode` (`ID`);

--
-- Constraints for table `booking`
--
ALTER TABLE `booking`
  ADD CONSTRAINT `Booking_FK3` FOREIGN KEY (`ID_Status`) REFERENCES `booking_status` (`ID`),
  ADD CONSTRAINT `Booking_FK4` FOREIGN KEY (`ID_Unit`) REFERENCES `unit` (`ID`),
  ADD CONSTRAINT `Booking_FK5` FOREIGN KEY (`ID_Subject`) REFERENCES `subject` (`ID`),
  ADD CONSTRAINT `Booking_FK6` FOREIGN KEY (`ID_Mode`) REFERENCES `action_mode` (`ID`),
  ADD CONSTRAINT `Booking_FK7` FOREIGN KEY (`ID_Photographer`) REFERENCES `user` (`ID`),
  ADD CONSTRAINT `Booking_FK8` FOREIGN KEY (`ID_Client`) REFERENCES `user` (`ID`);

--
-- Constraints for table `equpment_photographer`
--
ALTER TABLE `equpment_photographer`
  ADD CONSTRAINT `Equpment_photographer_FK1` FOREIGN KEY (`ID_Equpment`) REFERENCES `equpment` (`ID`),
  ADD CONSTRAINT `Equpment_photographer_FK2` FOREIGN KEY (`ID_User`) REFERENCES `user` (`ID`);

--
-- Constraints for table `price_list`
--
ALTER TABLE `price_list`
  ADD CONSTRAINT `Price_List_FK1` FOREIGN KEY (`ID_Photographer`) REFERENCES `user` (`ID`),
  ADD CONSTRAINT `Price_List_FK2` FOREIGN KEY (`ID_Subject`) REFERENCES `subject` (`ID`),
  ADD CONSTRAINT `Price_List_FK3` FOREIGN KEY (`ID_Mode`) REFERENCES `action_mode` (`ID`),
  ADD CONSTRAINT `Price_List_FK4` FOREIGN KEY (`ID_Unit`) REFERENCES `unit` (`ID`);

--
-- Constraints for table `user`
--
ALTER TABLE `user`
  ADD CONSTRAINT `User_FK1` FOREIGN KEY (`ID_User_Status`) REFERENCES `user_status` (`ID`),
  ADD CONSTRAINT `User_FK2` FOREIGN KEY (`ID_User_Type`) REFERENCES `user_type` (`ID`);
COMMIT;

/*!40101 SET CHARACTER_SET_CLIENT=@OLD_CHARACTER_SET_CLIENT */;
/*!40101 SET CHARACTER_SET_RESULTS=@OLD_CHARACTER_SET_RESULTS */;
/*!40101 SET COLLATION_CONNECTION=@OLD_COLLATION_CONNECTION */;
